-- phpMyAdmin SQL Dump
-- version 3.5.2.2
-- http://www.phpmyadmin.net
--
-- Host: 127.0.0.1
-- Generation Time: Sep 24, 2020 at 11:33 AM
-- Server version: 5.5.27
-- PHP Version: 5.4.7

SET SQL_MODE="NO_AUTO_VALUE_ON_ZERO";
SET time_zone = "+00:00";


/*!40101 SET @OLD_CHARACTER_SET_CLIENT=@@CHARACTER_SET_CLIENT */;
/*!40101 SET @OLD_CHARACTER_SET_RESULTS=@@CHARACTER_SET_RESULTS */;
/*!40101 SET @OLD_COLLATION_CONNECTION=@@COLLATION_CONNECTION */;
/*!40101 SET NAMES utf8 */;

--
-- Database: `db`
--

-- --------------------------------------------------------

--
-- Table structure for table `datas`
--

CREATE TABLE IF NOT EXISTS `datas` (
  `id_datas` int(11) NOT NULL,
  `datas` varchar(50) NOT NULL
) ENGINE=InnoDB DEFAULT CHARSET=latin1;

--
-- Dumping data for table `datas`
--

INSERT INTO `datas` (`id_datas`, `datas`) VALUES
(1, 'KASUS 01'),
(2, 'KASUS 2'),
(3, 'KASUS 3'),
(4, 'KASUS 4'),
(5, 'KASUS 5'),
(6, 'KASUS 6'),
(7, 'KASUS 7'),
(8, 'KASUS 8'),
(9, 'KASUS 9'),
(10, 'KASUS 10'),
(11, 'KASUS 11'),
(12, 'KASUS 12'),
(13, 'KASUS 13'),
(14, 'KASUS 14'),
(15, 'KASUS 15'),
(16, 'KASUS 16'),
(17, 'KASUS 17'),
(18, 'KASUS 18'),
(19, 'KASUS 19'),
(20, 'KASUS 20'),
(21, 'KASUS 21'),
(22, 'KASUS 22'),
(23, 'KASUS 23'),
(24, 'KASUS 24'),
(25, 'KASUS 25'),
(26, 'KASUS 26'),
(27, 'KASUS 27'),
(28, 'KASUS 28'),
(29, 'KASUS 29'),
(30, 'KASUS 30'),
(31, 'KASUS 31'),
(32, 'KASUS 32'),
(33, 'KASUS 33'),
(34, 'KASUS 34'),
(35, 'KASUS 35'),
(36, 'KASUS 36'),
(37, 'KASUS 37'),
(38, 'KASUS 38'),
(39, 'KASUS 39'),
(40, 'KASUS 40'),
(41, 'KASUS 41'),
(42, 'KASUS 42'),
(43, 'KASUS 43'),
(44, 'KASUS 44'),
(45, 'KASUS 45'),
(46, 'KASUS 46'),
(47, 'KASUS 47'),
(48, 'KASUS 48'),
(49, 'KASUS 49'),
(50, 'KASUS 50'),
(51, 'KASUS 51'),
(52, 'KASUS 52'),
(53, 'KASUS 53'),
(54, 'KASUS 54'),
(55, 'KASUS 55'),
(56, 'KASUS 56'),
(57, 'KASUS 57'),
(58, 'KASUS 58'),
(59, 'KASUS 59'),
(60, 'KASUS 60'),
(61, 'KASUS 61'),
(62, 'KASUS 62'),
(63, 'KASUS 63'),
(64, 'KASUS 64'),
(65, 'KASUS 65'),
(66, 'KASUS 66'),
(67, 'KASUS 67'),
(68, 'KASUS 68'),
(69, 'KASUS 69'),
(70, 'KASUS 70'),
(71, 'KASUS 71'),
(72, 'KASUS 72'),
(73, 'KASUS 73'),
(74, 'KASUS 74'),
(75, 'KASUS 75'),
(76, 'KASUS 76'),
(77, 'KASUS 77'),
(78, 'KASUS 78'),
(79, 'KASUS 79'),
(80, 'KASUS 80'),
(81, 'KASUS 81'),
(82, 'KASUS 82'),
(83, 'KASUS 83'),
(84, 'KASUS 84'),
(85, 'KASUS 85'),
(86, 'KASUS 86'),
(87, 'KASUS 87'),
(88, 'KASUS 88'),
(89, 'KASUS 89'),
(90, 'KASUS 90'),
(91, 'KASUS 91'),
(92, 'KASUS 92'),
(93, 'KASUS 93'),
(94, 'KASUS 94'),
(95, 'KASUS 95'),
(96, 'KASUS 96'),
(97, 'KASUS 97'),
(98, 'KASUS 98'),
(99, 'KASUS 99'),
(100, 'KASUS 100'),
(101, 'KASUS 101'),
(102, 'KASUS 102'),
(103, 'KASUS 103'),
(104, 'KASUS 104'),
(105, 'KASUS 105'),
(106, 'KASUS 106'),
(107, 'KASUS 107'),
(108, 'KASUS 108'),
(109, 'KASUS 109'),
(110, 'KASUS 110'),
(111, 'KASUS 111'),
(112, 'KASUS 112'),
(113, 'KASUS 113'),
(114, 'KASUS 114'),
(115, 'KASUS 115'),
(116, 'KASUS 116'),
(117, 'KASUS 117'),
(118, 'KASUS 118'),
(119, 'KASUS 119'),
(120, 'KASUS 120'),
(121, 'KASUS 121'),
(122, 'KASUS 122'),
(123, 'KASUS 123'),
(124, 'KASUS 124'),
(125, 'KASUS 125'),
(126, 'KASUS 126'),
(127, 'KASUS 127'),
(128, 'KASUS 128');

-- --------------------------------------------------------

--
-- Table structure for table `datas_test`
--

CREATE TABLE IF NOT EXISTS `datas_test` (
  `id_datas` int(11) NOT NULL,
  `datas` varchar(50) NOT NULL,
  `date` date NOT NULL
) ENGINE=InnoDB DEFAULT CHARSET=latin1;

--
-- Dumping data for table `datas_test`
--

INSERT INTO `datas_test` (`id_datas`, `datas`, `date`) VALUES
(58, 'kasus1', '2020-09-21'),
(91, 'kasus pencabulan', '2020-09-23'),
(62, 'kasus pencabulan', '2020-09-23'),
(6, 'kasus pencabulan', '2020-09-23'),
(89, 'kasus pencabulan', '2020-09-23'),
(79, 'kasus pencabulan', '2020-09-23'),
(37, 'kasus pencabulan', '2020-09-23'),
(92, 'kasus pencabulan', '2020-09-23'),
(90, 'kasus pencabulan', '2020-09-23'),
(100, 'kasus pencabulan', '2020-09-23'),
(66, 'kasus pencabulan', '2020-09-23'),
(3, 'kasus pencabulan', '2020-09-23'),
(94, 'kasus pencabulan', '2020-09-23'),
(25, 'kasus pencabulan', '2020-09-23'),
(86, 'kasus pencabulan', '2020-09-23'),
(85, 'kasus pencabulan', '2020-09-23'),
(12, 'kasus pencabulan', '2020-09-23'),
(76, 'kasus pencabulan', '2020-09-23'),
(36, 'kasus pencabulan', '2020-09-23'),
(5, 'fhgcvh', '2020-09-23'),
(39, '', '2020-09-24'),
(98, '', '2020-09-24'),
(10, '', '2020-09-24'),
(77, '', '2020-09-24'),
(31, '', '2020-09-24'),
(56, 'ko', '2020-09-24'),
(53, '90', '2020-09-24'),
(17, '90', '2020-09-24'),
(50, '', '2020-09-24'),
(16, '', '2020-09-24'),
(2, '', '2020-09-24'),
(81, '', '2020-09-24'),
(44, 'ipo', '2020-09-24'),
(75, 'ipo', '2020-09-24'),
(35, '', '2020-09-24'),
(26, '', '2020-09-24'),
(29, '', '2020-09-24'),
(52, '', '2020-09-24'),
(24, '', '2020-09-24');

-- --------------------------------------------------------

--
-- Table structure for table `kriteria`
--

CREATE TABLE IF NOT EXISTS `kriteria` (
  `id_kriteria` int(11) NOT NULL,
  `kriteria` varchar(50) NOT NULL
) ENGINE=InnoDB DEFAULT CHARSET=latin1;

--
-- Dumping data for table `kriteria`
--

INSERT INTO `kriteria` (`id_kriteria`, `kriteria`) VALUES
(1, 'TARGET'),
(2, 'KERUGIAN MATERIIL'),
(3, 'JUMLAH ITEM YANG DIAMBIL'),
(4, 'MENGAMBIL KENDARAAN'),
(5, 'MELAKUKAN PENIPUAN'),
(6, 'MELAKUKAN PERUSAKAN'),
(7, 'WAKTU KEJADIAN'),
(8, 'TEMPAT KEJADIAN');

-- --------------------------------------------------------

--
-- Table structure for table `login`
--

CREATE TABLE IF NOT EXISTS `login` (
  `id` varchar(25) NOT NULL,
  `pass` varchar(25) NOT NULL
) ENGINE=InnoDB DEFAULT CHARSET=latin1;

--
-- Dumping data for table `login`
--

INSERT INTO `login` (`id`, `pass`) VALUES
('admin', 'admin'),
('coba', 'coba'),
('coba', 'coba');

-- --------------------------------------------------------

--
-- Table structure for table `parameter`
--

CREATE TABLE IF NOT EXISTS `parameter` (
  `id_parameter` int(11) NOT NULL AUTO_INCREMENT,
  `id_kriteria` int(11) NOT NULL,
  `nilai` int(11) NOT NULL,
  `parameter` varchar(50) NOT NULL,
  PRIMARY KEY (`id_parameter`)
) ENGINE=InnoDB  DEFAULT CHARSET=latin1 AUTO_INCREMENT=31 ;

--
-- Dumping data for table `parameter`
--

INSERT INTO `parameter` (`id_parameter`, `id_kriteria`, `nilai`, `parameter`) VALUES
(1, 1, 1, 'Curat'),
(2, 1, 2, 'Curanmor'),
(3, 1, 3, 'Curi'),
(4, 1, 4, 'Gelap'),
(5, 2, 1, 'Sangat Kecil'),
(6, 2, 2, 'Kecil'),
(7, 2, 3, 'Sedang'),
(8, 2, 4, 'Besar'),
(10, 3, 2, 'Sedikit'),
(11, 3, 3, 'Lumayan'),
(12, 3, 4, 'Banyak'),
(13, 4, 1, 'iya'),
(14, 4, 2, 'tidak'),
(15, 5, 1, 'iya'),
(16, 5, 2, 'tidak'),
(17, 6, 1, 'Melakukan'),
(18, 6, 2, 'Tidak Melakukan'),
(19, 7, 1, 'Pagi'),
(20, 7, 2, 'Siang'),
(21, 7, 3, 'Sore'),
(22, 7, 4, 'Malam'),
(23, 8, 1, 'Rumah'),
(24, 8, 2, 'Kios'),
(25, 8, 3, 'Tempat Umum'),
(26, 8, 4, 'Perusahaan'),
(30, 3, 1, 'Nihil');

-- --------------------------------------------------------

--
-- Table structure for table `testing`
--

CREATE TABLE IF NOT EXISTS `testing` (
  `id_data` int(11) NOT NULL AUTO_INCREMENT,
  `id_datas` int(11) NOT NULL,
  `id_kriteria` int(11) NOT NULL,
  `id_parameter` int(50) NOT NULL,
  PRIMARY KEY (`id_data`)
) ENGINE=InnoDB  DEFAULT CHARSET=latin1 AUTO_INCREMENT=313 ;

--
-- Dumping data for table `testing`
--

INSERT INTO `testing` (`id_data`, `id_datas`, `id_kriteria`, `id_parameter`) VALUES
(1, 58, 1, 1),
(2, 58, 2, 15000000),
(3, 58, 3, 1),
(4, 58, 4, 2),
(5, 58, 5, 2),
(6, 58, 6, 2),
(7, 58, 7, 1),
(8, 58, 8, 1),
(9, 91, 1, 2),
(10, 91, 2, 2000000),
(11, 91, 3, 1),
(12, 91, 4, 1),
(13, 91, 5, 2),
(14, 91, 6, 1),
(15, 91, 7, 1),
(16, 91, 8, 1),
(17, 62, 1, 2),
(18, 62, 2, 20000000),
(19, 62, 3, 1),
(20, 62, 4, 1),
(21, 62, 5, 2),
(22, 62, 6, 1),
(23, 62, 7, 1),
(24, 62, 8, 1),
(25, 6, 1, 1),
(26, 6, 2, 20000000),
(27, 6, 3, 1),
(28, 6, 4, 2),
(29, 6, 5, 2),
(30, 6, 6, 1),
(31, 6, 7, 1),
(32, 6, 8, 1),
(33, 89, 1, 1),
(34, 89, 2, 20000000),
(35, 89, 3, 1),
(36, 89, 4, 2),
(37, 89, 5, 2),
(38, 89, 6, 1),
(39, 89, 7, 1),
(40, 89, 8, 1),
(41, 79, 1, 1),
(42, 79, 2, 20000000),
(43, 79, 3, 1),
(44, 79, 4, 2),
(45, 79, 5, 2),
(46, 79, 6, 1),
(47, 79, 7, 1),
(48, 79, 8, 1),
(49, 37, 1, 1),
(50, 37, 2, 20000000),
(51, 37, 3, 1),
(52, 37, 4, 2),
(53, 37, 5, 2),
(54, 37, 6, 1),
(55, 37, 7, 1),
(56, 37, 8, 1),
(57, 92, 1, 1),
(58, 92, 2, 20000000),
(59, 92, 3, 1),
(60, 92, 4, 2),
(61, 92, 5, 2),
(62, 92, 6, 1),
(63, 92, 7, 1),
(64, 92, 8, 1),
(65, 90, 1, 1),
(66, 90, 2, 20000000),
(67, 90, 3, 1),
(68, 90, 4, 2),
(69, 90, 5, 2),
(70, 90, 6, 1),
(71, 90, 7, 1),
(72, 90, 8, 1),
(73, 100, 1, 1),
(74, 100, 2, 20000000),
(75, 100, 3, 1),
(76, 100, 4, 2),
(77, 100, 5, 2),
(78, 100, 6, 1),
(79, 100, 7, 1),
(80, 100, 8, 1),
(81, 66, 1, 1),
(82, 66, 2, 20000000),
(83, 66, 3, 1),
(84, 66, 4, 2),
(85, 66, 5, 2),
(86, 66, 6, 1),
(87, 66, 7, 1),
(88, 66, 8, 1),
(89, 3, 1, 1),
(90, 3, 2, 20000000),
(91, 3, 3, 1),
(92, 3, 4, 2),
(93, 3, 5, 2),
(94, 3, 6, 1),
(95, 3, 7, 1),
(96, 3, 8, 1),
(97, 94, 1, 1),
(98, 94, 2, 20000000),
(99, 94, 3, 1),
(100, 94, 4, 2),
(101, 94, 5, 2),
(102, 94, 6, 1),
(103, 94, 7, 1),
(104, 94, 8, 1),
(105, 25, 1, 1),
(106, 25, 2, 20000000),
(107, 25, 3, 1),
(108, 25, 4, 2),
(109, 25, 5, 2),
(110, 25, 6, 1),
(111, 25, 7, 1),
(112, 25, 8, 1),
(113, 86, 1, 1),
(114, 86, 2, 20000000),
(115, 86, 3, 1),
(116, 86, 4, 2),
(117, 86, 5, 2),
(118, 86, 6, 1),
(119, 86, 7, 1),
(120, 86, 8, 1),
(121, 85, 1, 1),
(122, 85, 2, 20000000),
(123, 85, 3, 1),
(124, 85, 4, 2),
(125, 85, 5, 2),
(126, 85, 6, 1),
(127, 85, 7, 1),
(128, 85, 8, 1),
(129, 12, 1, 1),
(130, 12, 2, 20000000),
(131, 12, 3, 1),
(132, 12, 4, 2),
(133, 12, 5, 2),
(134, 12, 6, 1),
(135, 12, 7, 1),
(136, 12, 8, 1),
(137, 76, 1, 1),
(138, 76, 2, 20000000),
(139, 76, 3, 1),
(140, 76, 4, 2),
(141, 76, 5, 2),
(142, 76, 6, 1),
(143, 76, 7, 1),
(144, 76, 8, 1),
(145, 36, 1, 1),
(146, 36, 2, 20000000),
(147, 36, 3, 1),
(148, 36, 4, 2),
(149, 36, 5, 2),
(150, 36, 6, 1),
(151, 36, 7, 1),
(152, 36, 8, 1),
(153, 5, 1, 2),
(154, 5, 2, 6000000),
(155, 5, 3, 1),
(156, 5, 4, 1),
(157, 5, 5, 2),
(158, 5, 6, 2),
(159, 5, 7, 1),
(160, 5, 8, 3),
(161, 39, 1, 3),
(162, 39, 2, 2000000),
(163, 39, 3, 3),
(164, 39, 4, 2),
(165, 39, 5, 2),
(166, 39, 6, 2),
(167, 39, 7, 1),
(168, 39, 8, 4),
(169, 98, 1, 3),
(170, 98, 2, 2000000),
(171, 98, 3, 3),
(172, 98, 4, 2),
(173, 98, 5, 2),
(174, 98, 6, 2),
(175, 98, 7, 1),
(176, 98, 8, 4),
(177, 10, 1, 3),
(178, 10, 2, 2000000),
(179, 10, 3, 3),
(180, 10, 4, 2),
(181, 10, 5, 2),
(182, 10, 6, 2),
(183, 10, 7, 1),
(184, 10, 8, 4),
(185, 77, 1, 3),
(186, 77, 2, 2000000),
(187, 77, 3, 3),
(188, 77, 4, 2),
(189, 77, 5, 2),
(190, 77, 6, 2),
(191, 77, 7, 1),
(192, 77, 8, 4),
(193, 31, 1, 3),
(194, 31, 2, 2000000),
(195, 31, 3, 3),
(196, 31, 4, 2),
(197, 31, 5, 2),
(198, 31, 6, 2),
(199, 31, 7, 1),
(200, 31, 8, 4),
(201, 56, 1, 3),
(202, 56, 2, 2000000),
(203, 56, 3, 1),
(204, 56, 4, 2),
(205, 56, 5, 2),
(206, 56, 6, 2),
(207, 56, 7, 1),
(208, 56, 8, 1),
(209, 53, 1, 3),
(210, 53, 2, 2000000),
(211, 53, 3, 1),
(212, 53, 4, 2),
(213, 53, 5, 2),
(214, 53, 6, 2),
(215, 53, 7, 2),
(216, 53, 8, 1),
(217, 17, 1, 3),
(218, 17, 2, 2000000),
(219, 17, 3, 1),
(220, 17, 4, 2),
(221, 17, 5, 2),
(222, 17, 6, 2),
(223, 17, 7, 2),
(224, 17, 8, 1),
(225, 50, 1, 1),
(226, 50, 2, 0),
(227, 50, 3, 0),
(228, 50, 4, 1),
(229, 50, 5, 1),
(230, 16, 1, 1),
(231, 50, 6, 1),
(232, 16, 2, 0),
(233, 50, 7, 1),
(234, 16, 3, 0),
(235, 50, 8, 1),
(236, 16, 4, 1),
(237, 16, 5, 1),
(238, 16, 6, 1),
(239, 16, 7, 1),
(240, 16, 8, 1),
(241, 2, 1, 1),
(242, 2, 2, 0),
(243, 2, 3, 1),
(244, 2, 4, 1),
(245, 2, 5, 1),
(246, 2, 6, 1),
(247, 2, 7, 1),
(248, 2, 8, 1),
(249, 81, 1, 3),
(250, 81, 2, 12000000),
(251, 81, 3, 3),
(252, 81, 4, 2),
(253, 81, 5, 1),
(254, 81, 6, 2),
(255, 81, 7, 1),
(256, 81, 8, 4),
(257, 44, 1, 1),
(258, 44, 2, 12000000),
(259, 44, 3, 7),
(260, 44, 4, 2),
(261, 44, 5, 1),
(262, 44, 6, 1),
(263, 44, 7, 3),
(264, 44, 8, 4),
(265, 75, 1, 1),
(266, 75, 2, 12000000),
(267, 75, 3, 7),
(268, 75, 4, 2),
(269, 75, 5, 1),
(270, 75, 6, 1),
(271, 75, 7, 3),
(272, 75, 8, 4),
(273, 35, 1, 4),
(274, 35, 2, 12000000),
(275, 35, 3, 9),
(276, 35, 4, 2),
(277, 35, 5, 1),
(278, 35, 6, 2),
(279, 35, 7, 3),
(280, 35, 8, 4),
(281, 26, 1, 3),
(282, 26, 2, 12000000),
(283, 26, 3, 1),
(284, 26, 4, 2),
(285, 26, 5, 2),
(286, 26, 6, 2),
(287, 26, 7, 1),
(288, 26, 8, 1),
(289, 29, 1, 3),
(290, 29, 2, 12000000),
(291, 29, 3, 1),
(292, 29, 4, 2),
(293, 29, 5, 2),
(294, 29, 6, 2),
(295, 29, 7, 1),
(296, 29, 8, 1),
(297, 52, 1, 1),
(298, 52, 2, 20000000),
(299, 52, 3, 5),
(300, 52, 4, 1),
(301, 52, 5, 2),
(302, 52, 6, 1),
(303, 52, 7, 1),
(304, 52, 8, 1),
(305, 24, 1, 2),
(306, 24, 2, 12000000),
(307, 24, 3, 1),
(308, 24, 4, 1),
(309, 24, 5, 2),
(310, 24, 6, 2),
(311, 24, 7, 1),
(312, 24, 8, 1);

-- --------------------------------------------------------

--
-- Table structure for table `training`
--

CREATE TABLE IF NOT EXISTS `training` (
  `id_data` int(11) NOT NULL AUTO_INCREMENT,
  `id_datas` int(11) NOT NULL,
  `id_kriteria` int(11) NOT NULL,
  `id_parameter` int(30) NOT NULL,
  PRIMARY KEY (`id_data`)
) ENGINE=InnoDB  DEFAULT CHARSET=latin1 AUTO_INCREMENT=1152 ;

--
-- Dumping data for table `training`
--

INSERT INTO `training` (`id_data`, `id_datas`, `id_kriteria`, `id_parameter`) VALUES
(1, 1, 1, 1),
(2, 1, 2, 24000000),
(3, 1, 3, 3),
(4, 1, 4, 2),
(5, 1, 5, 2),
(6, 1, 6, 1),
(7, 1, 7, 1),
(8, 1, 8, 1),
(10, 2, 1, 1),
(11, 2, 2, 4000000),
(12, 2, 3, 3),
(13, 2, 4, 2),
(14, 2, 5, 2),
(15, 2, 6, 2),
(16, 2, 7, 1),
(17, 2, 8, 1),
(19, 3, 1, 1),
(20, 3, 2, 15000000),
(21, 3, 3, 6),
(22, 3, 4, 2),
(23, 3, 5, 1),
(24, 3, 6, 1),
(25, 3, 7, 1),
(26, 3, 8, 1),
(28, 4, 1, 1),
(29, 4, 2, 30000000),
(30, 4, 3, 2),
(31, 4, 4, 1),
(32, 4, 5, 2),
(33, 4, 6, 1),
(34, 4, 7, 1),
(35, 4, 8, 1),
(37, 5, 1, 1),
(38, 5, 2, 8000000),
(39, 5, 3, 2),
(40, 5, 4, 2),
(41, 5, 5, 2),
(42, 5, 6, 1),
(43, 5, 7, 1),
(44, 5, 8, 1),
(46, 6, 1, 1),
(47, 6, 2, 2600000),
(48, 6, 3, 1),
(49, 6, 4, 2),
(50, 6, 5, 2),
(51, 6, 6, 2),
(52, 6, 7, 2),
(53, 6, 8, 1),
(55, 7, 1, 1),
(56, 7, 2, 1300000),
(57, 7, 3, 1),
(58, 7, 4, 2),
(59, 7, 5, 2),
(60, 7, 6, 2),
(61, 7, 7, 1),
(62, 7, 8, 2),
(64, 8, 1, 1),
(65, 8, 2, 20000000),
(66, 8, 3, 1),
(67, 8, 4, 1),
(68, 8, 5, 2),
(69, 8, 6, 1),
(70, 8, 7, 1),
(71, 8, 8, 2),
(73, 9, 1, 1),
(74, 9, 2, 50000000),
(75, 9, 3, 1),
(76, 9, 4, 2),
(77, 9, 5, 2),
(78, 9, 6, 1),
(79, 9, 7, 1),
(80, 9, 8, 2),
(82, 10, 1, 2),
(83, 10, 2, 15000000),
(84, 10, 3, 1),
(85, 10, 4, 1),
(86, 10, 5, 2),
(87, 10, 6, 2),
(88, 10, 7, 1),
(89, 10, 8, 3),
(91, 11, 1, 2),
(92, 11, 2, 7000000),
(93, 11, 3, 1),
(94, 11, 4, 1),
(95, 11, 5, 2),
(96, 11, 6, 2),
(97, 11, 7, 1),
(98, 11, 8, 3),
(100, 12, 1, 2),
(101, 12, 2, 3000000),
(102, 12, 3, 1),
(103, 12, 4, 1),
(104, 12, 5, 2),
(105, 12, 6, 2),
(106, 12, 7, 2),
(107, 12, 8, 3),
(109, 13, 1, 3),
(110, 13, 2, 3000000),
(111, 13, 3, 3),
(112, 13, 4, 2),
(113, 13, 5, 2),
(114, 13, 6, 2),
(115, 13, 7, 3),
(116, 13, 8, 3),
(118, 14, 1, 3),
(119, 14, 2, 2500000),
(120, 14, 3, 1),
(121, 14, 4, 2),
(122, 14, 5, 2),
(123, 14, 6, 1),
(124, 14, 7, 1),
(125, 14, 8, 2),
(127, 15, 1, 4),
(128, 15, 2, 118000000),
(129, 15, 3, 0),
(130, 15, 4, 2),
(131, 15, 5, 1),
(132, 15, 6, 2),
(133, 15, 7, 1),
(134, 15, 8, 4),
(136, 16, 1, 4),
(137, 16, 2, 60000000),
(138, 16, 3, 1),
(139, 16, 4, 1),
(140, 16, 5, 1),
(141, 16, 6, 2),
(142, 16, 7, 1),
(143, 16, 8, 3),
(145, 17, 1, 4),
(146, 17, 2, 14000000),
(147, 17, 3, 1),
(148, 17, 4, 1),
(149, 17, 5, 1),
(150, 17, 6, 2),
(151, 17, 7, 2),
(152, 17, 8, 3),
(154, 18, 1, 1),
(155, 18, 2, 10000000),
(156, 18, 3, 2),
(157, 18, 4, 2),
(158, 18, 5, 2),
(159, 18, 6, 1),
(160, 18, 7, 2),
(161, 18, 8, 1),
(163, 19, 1, 1),
(164, 19, 2, 12000000),
(165, 19, 3, 1),
(166, 19, 4, 2),
(167, 19, 5, 2),
(168, 19, 6, 1),
(169, 19, 7, 1),
(170, 19, 8, 4),
(172, 20, 1, 1),
(173, 20, 2, 10000000),
(174, 20, 3, 8),
(175, 20, 4, 2),
(176, 20, 5, 1),
(177, 20, 6, 1),
(178, 20, 7, 2),
(179, 20, 8, 3),
(181, 21, 1, 1),
(182, 21, 2, 6000000),
(183, 21, 3, 6),
(184, 21, 4, 2),
(185, 21, 5, 2),
(186, 21, 6, 2),
(187, 21, 7, 2),
(188, 21, 8, 1),
(190, 22, 1, 1),
(191, 22, 2, 9500000),
(192, 22, 3, 2),
(193, 22, 4, 2),
(194, 22, 5, 1),
(195, 22, 6, 1),
(196, 22, 7, 3),
(197, 22, 8, 1),
(199, 23, 1, 1),
(200, 23, 2, 3000000),
(201, 23, 3, 1),
(202, 23, 4, 2),
(203, 23, 5, 2),
(204, 23, 6, 1),
(205, 23, 7, 2),
(206, 23, 8, 1),
(208, 24, 1, 1),
(209, 24, 2, 113415000),
(210, 24, 3, 22),
(211, 24, 4, 1),
(212, 24, 5, 2),
(213, 24, 6, 1),
(214, 24, 7, 1),
(215, 24, 8, 2),
(217, 25, 1, 2),
(218, 25, 2, 8500000),
(219, 25, 3, 1),
(220, 25, 4, 1),
(221, 25, 5, 2),
(222, 25, 6, 2),
(223, 25, 7, 3),
(224, 25, 8, 3),
(226, 26, 1, 2),
(227, 26, 2, 3000000),
(228, 26, 3, 1),
(229, 26, 4, 1),
(230, 26, 5, 2),
(231, 26, 6, 2),
(232, 26, 7, 3),
(233, 26, 8, 3),
(235, 27, 1, 3),
(236, 27, 2, 200000),
(237, 27, 3, 1),
(238, 27, 4, 2),
(239, 27, 5, 2),
(240, 27, 6, 2),
(241, 27, 7, 2),
(242, 27, 8, 3),
(244, 28, 1, 3),
(245, 28, 2, 2600000),
(246, 28, 3, 1),
(247, 28, 4, 2),
(248, 28, 5, 2),
(249, 28, 6, 2),
(250, 28, 7, 4),
(251, 28, 8, 3),
(253, 29, 1, 3),
(254, 29, 2, 4000000),
(255, 29, 3, 6),
(256, 29, 4, 2),
(257, 29, 5, 2),
(258, 29, 6, 1),
(259, 29, 7, 1),
(260, 29, 8, 2),
(262, 30, 1, 4),
(263, 30, 2, 10000000),
(264, 30, 3, 1),
(265, 30, 4, 1),
(266, 30, 5, 1),
(267, 30, 6, 2),
(268, 30, 7, 3),
(269, 30, 8, 3),
(271, 31, 1, 1),
(272, 31, 2, 1600000),
(273, 31, 3, 5),
(274, 31, 4, 2),
(275, 31, 5, 2),
(276, 31, 6, 1),
(277, 31, 7, 1),
(278, 31, 8, 3),
(280, 32, 1, 1),
(281, 32, 2, 25000000),
(282, 32, 3, 5),
(283, 32, 4, 1),
(284, 32, 5, 2),
(285, 32, 6, 1),
(286, 32, 7, 4),
(287, 32, 8, 3),
(289, 33, 1, 1),
(290, 33, 2, 65000000),
(291, 33, 3, 4),
(292, 33, 4, 2),
(293, 33, 5, 2),
(294, 33, 6, 1),
(295, 33, 7, 3),
(296, 33, 8, 1),
(298, 34, 1, 2),
(299, 34, 2, 13000000),
(300, 34, 3, 1),
(301, 34, 4, 1),
(302, 34, 5, 2),
(303, 34, 6, 2),
(304, 34, 7, 3),
(305, 34, 8, 3),
(307, 35, 1, 2),
(308, 35, 2, 15000000),
(309, 35, 3, 2),
(310, 35, 4, 1),
(311, 35, 5, 2),
(312, 35, 6, 2),
(313, 35, 7, 1),
(314, 35, 8, 1),
(316, 36, 1, 4),
(317, 36, 2, 26500000),
(318, 36, 3, 1),
(319, 36, 4, 1),
(320, 36, 5, 1),
(321, 36, 6, 2),
(322, 36, 7, 1),
(323, 36, 8, 3),
(325, 37, 1, 4),
(326, 37, 2, 12000000),
(327, 37, 3, 1),
(328, 37, 4, 1),
(329, 37, 5, 1),
(330, 37, 6, 2),
(331, 37, 7, 2),
(332, 37, 8, 3),
(334, 38, 1, 1),
(335, 38, 2, 5000000),
(336, 38, 3, 4),
(337, 38, 4, 2),
(338, 38, 5, 2),
(339, 38, 6, 1),
(340, 38, 7, 1),
(341, 38, 8, 1),
(343, 39, 1, 1),
(344, 39, 2, 8000000),
(345, 39, 3, 28),
(346, 39, 4, 2),
(347, 39, 5, 2),
(348, 39, 6, 1),
(349, 39, 7, 1),
(350, 39, 8, 2),
(352, 40, 1, 2),
(353, 40, 2, 15000000),
(354, 40, 3, 1),
(355, 40, 4, 1),
(356, 40, 5, 2),
(357, 40, 6, 2),
(358, 40, 7, 1),
(359, 40, 8, 3),
(361, 41, 1, 2),
(362, 41, 2, 26000000),
(363, 41, 3, 1),
(364, 41, 4, 1),
(365, 41, 5, 2),
(366, 41, 6, 2),
(367, 41, 7, 3),
(368, 41, 8, 1),
(370, 42, 1, 3),
(371, 42, 2, 10000000),
(372, 42, 3, 3),
(373, 42, 4, 2),
(374, 42, 5, 1),
(375, 42, 6, 1),
(376, 42, 7, 3),
(377, 42, 8, 1),
(379, 43, 1, 3),
(380, 43, 2, 2500000),
(381, 43, 3, 1),
(382, 43, 4, 2),
(383, 43, 5, 2),
(384, 43, 6, 2),
(385, 43, 7, 1),
(386, 43, 8, 1),
(388, 44, 1, 3),
(389, 44, 2, 2500000),
(390, 44, 3, 1),
(391, 44, 4, 2),
(392, 44, 5, 2),
(393, 44, 6, 2),
(394, 44, 7, 1),
(395, 44, 8, 1),
(397, 45, 1, 4),
(398, 45, 2, 10500000),
(399, 45, 3, 0),
(400, 45, 4, 2),
(401, 45, 5, 1),
(402, 45, 6, 2),
(403, 45, 7, 2),
(404, 45, 8, 4),
(406, 46, 1, 4),
(407, 46, 2, 110000),
(408, 46, 3, 1),
(409, 46, 4, 1),
(410, 46, 5, 1),
(411, 46, 6, 2),
(412, 46, 7, 3),
(413, 46, 8, 4),
(415, 47, 1, 1),
(416, 47, 2, 15000000),
(417, 47, 3, 3),
(418, 47, 4, 2),
(419, 47, 5, 2),
(420, 47, 6, 1),
(421, 47, 7, 1),
(422, 47, 8, 1),
(424, 48, 1, 1),
(425, 48, 2, 41725000),
(426, 48, 3, 50),
(427, 48, 4, 2),
(428, 48, 5, 2),
(429, 48, 6, 1),
(430, 48, 7, 2),
(431, 48, 8, 1),
(433, 49, 1, 1),
(434, 49, 2, 4000000),
(435, 49, 3, 5),
(436, 49, 4, 2),
(437, 49, 5, 1),
(438, 49, 6, 2),
(439, 49, 7, 2),
(440, 49, 8, 3),
(442, 50, 1, 1),
(443, 50, 2, 8500000),
(444, 50, 3, 1),
(445, 50, 4, 2),
(446, 50, 5, 2),
(447, 50, 6, 1),
(448, 50, 7, 3),
(449, 50, 8, 1),
(451, 51, 1, 1),
(452, 51, 2, 16600000),
(453, 51, 3, 9),
(454, 51, 4, 2),
(455, 51, 5, 2),
(456, 51, 6, 1),
(457, 51, 7, 1),
(458, 51, 8, 1),
(460, 52, 1, 1),
(461, 52, 2, 12500000),
(462, 52, 3, 1),
(463, 52, 4, 2),
(464, 52, 5, 2),
(465, 52, 6, 1),
(466, 52, 7, 4),
(467, 52, 8, 1),
(469, 53, 1, 2),
(470, 53, 2, 13000000),
(471, 53, 3, 1),
(472, 53, 4, 1),
(473, 53, 5, 2),
(474, 53, 6, 2),
(475, 53, 7, 4),
(476, 53, 8, 1),
(478, 54, 1, 2),
(479, 54, 2, 15000000),
(480, 54, 3, 1),
(481, 54, 4, 1),
(482, 54, 5, 2),
(483, 54, 6, 2),
(484, 54, 7, 4),
(485, 54, 8, 3),
(487, 55, 1, 3),
(488, 55, 2, 7000000),
(489, 55, 3, 1),
(490, 55, 4, 2),
(491, 55, 5, 2),
(492, 55, 6, 2),
(493, 55, 7, 1),
(494, 55, 8, 1),
(496, 56, 1, 3),
(497, 56, 2, 5000000),
(498, 56, 3, 2),
(499, 56, 4, 2),
(500, 56, 5, 2),
(501, 56, 6, 2),
(502, 56, 7, 2),
(503, 56, 8, 3),
(505, 57, 1, 3),
(506, 57, 2, 400000),
(507, 57, 3, 1),
(508, 57, 4, 2),
(509, 57, 5, 2),
(510, 57, 6, 2),
(511, 57, 7, 1),
(512, 57, 8, 3),
(514, 58, 1, 3),
(515, 58, 2, 350000),
(516, 58, 3, 1),
(517, 58, 4, 2),
(518, 58, 5, 2),
(519, 58, 6, 2),
(520, 58, 7, 1),
(521, 58, 8, 3),
(523, 59, 1, 3),
(524, 59, 2, 3000000),
(525, 59, 3, 1),
(526, 59, 4, 2),
(527, 59, 5, 2),
(528, 59, 6, 2),
(529, 59, 7, 3),
(530, 59, 8, 3),
(532, 60, 1, 4),
(533, 60, 2, 27000000),
(534, 60, 3, 0),
(535, 60, 4, 2),
(536, 60, 5, 1),
(537, 60, 6, 2),
(538, 60, 7, 1),
(539, 60, 8, 4),
(541, 61, 1, 4),
(542, 61, 2, 80000000),
(543, 61, 3, 10),
(544, 61, 4, 2),
(545, 61, 5, 1),
(546, 61, 6, 2),
(547, 61, 7, 2),
(548, 61, 8, 1),
(550, 62, 1, 4),
(551, 62, 2, 7200000),
(552, 62, 3, 0),
(553, 62, 4, 2),
(554, 62, 5, 1),
(555, 62, 6, 2),
(556, 62, 7, 2),
(557, 62, 8, 2),
(559, 63, 1, 4),
(560, 63, 2, 180000000),
(561, 63, 3, 0),
(562, 63, 4, 2),
(563, 63, 5, 1),
(564, 63, 6, 2),
(565, 63, 7, 1),
(566, 63, 8, 4),
(568, 64, 1, 1),
(569, 64, 2, 3000000),
(570, 64, 3, 1),
(571, 64, 4, 2),
(572, 64, 5, 2),
(573, 64, 6, 1),
(574, 64, 7, 3),
(575, 64, 8, 1),
(577, 65, 1, 1),
(578, 65, 2, 25000000),
(579, 65, 3, 1),
(580, 65, 4, 2),
(581, 65, 5, 2),
(582, 65, 6, 1),
(583, 65, 7, 4),
(584, 65, 8, 3),
(586, 66, 1, 2),
(587, 66, 2, 10000000),
(588, 66, 3, 1),
(589, 66, 4, 1),
(590, 66, 5, 2),
(591, 66, 6, 2),
(592, 66, 7, 3),
(593, 66, 8, 3),
(595, 67, 1, 2),
(596, 67, 2, 9500000),
(597, 67, 3, 1),
(598, 67, 4, 1),
(599, 67, 5, 2),
(600, 67, 6, 2),
(601, 67, 7, 4),
(602, 67, 8, 3),
(604, 68, 1, 3),
(605, 68, 2, 4800000),
(606, 68, 3, 1),
(607, 68, 4, 2),
(608, 68, 5, 2),
(609, 68, 6, 2),
(610, 68, 7, 4),
(611, 68, 8, 3),
(613, 69, 1, 3),
(614, 69, 2, 5000000),
(615, 69, 3, 1),
(616, 69, 4, 2),
(617, 69, 5, 2),
(618, 69, 6, 2),
(619, 69, 7, 3),
(620, 69, 8, 3),
(622, 70, 1, 4),
(623, 70, 2, 9500000),
(624, 70, 3, 1),
(625, 70, 4, 1),
(626, 70, 5, 1),
(627, 70, 6, 2),
(628, 70, 7, 1),
(629, 70, 8, 3),
(631, 71, 1, 1),
(632, 71, 2, 60000000),
(633, 71, 3, 6),
(634, 71, 4, 2),
(635, 71, 5, 2),
(636, 71, 6, 1),
(637, 71, 7, 3),
(638, 71, 8, 1),
(640, 72, 1, 1),
(641, 72, 2, 5000000),
(642, 72, 3, 1),
(643, 72, 4, 2),
(644, 72, 5, 1),
(645, 72, 6, 1),
(646, 72, 7, 2),
(647, 72, 8, 3),
(649, 73, 1, 1),
(650, 73, 2, 7000000),
(651, 73, 3, 3),
(652, 73, 4, 2),
(653, 73, 5, 2),
(654, 73, 6, 1),
(655, 73, 7, 1),
(656, 73, 8, 4),
(658, 74, 1, 1),
(659, 74, 2, 11000000),
(660, 74, 3, 22),
(661, 74, 4, 2),
(662, 74, 5, 2),
(663, 74, 6, 1),
(664, 74, 7, 1),
(665, 74, 8, 3),
(667, 75, 1, 1),
(668, 75, 2, 41700000),
(669, 75, 3, 5),
(670, 75, 4, 2),
(671, 75, 5, 2),
(672, 75, 6, 1),
(673, 75, 7, 1),
(674, 75, 8, 1),
(676, 76, 1, 3),
(677, 76, 2, 15000000),
(678, 76, 3, 40),
(679, 76, 4, 2),
(680, 76, 5, 1),
(681, 76, 6, 1),
(682, 76, 7, 3),
(683, 76, 8, 1),
(685, 77, 1, 3),
(686, 77, 2, 4500000),
(687, 77, 3, 1),
(688, 77, 4, 2),
(689, 77, 5, 2),
(690, 77, 6, 2),
(691, 77, 7, 1),
(692, 77, 8, 2),
(694, 78, 1, 3),
(695, 78, 2, 10000000),
(696, 78, 3, 1),
(697, 78, 4, 2),
(698, 78, 5, 2),
(699, 78, 6, 2),
(700, 78, 7, 2),
(701, 78, 8, 2),
(703, 79, 1, 3),
(704, 79, 2, 4000000),
(705, 79, 3, 2),
(706, 79, 4, 2),
(707, 79, 5, 2),
(708, 79, 6, 2),
(709, 79, 7, 1),
(710, 79, 8, 1),
(712, 80, 1, 4),
(713, 80, 2, 12000000),
(714, 80, 3, 1),
(715, 80, 4, 1),
(716, 80, 5, 1),
(717, 80, 6, 2),
(718, 80, 7, 3),
(719, 80, 8, 1),
(721, 81, 1, 1),
(722, 81, 2, 7000000),
(723, 81, 3, 5),
(724, 81, 4, 2),
(725, 81, 5, 2),
(726, 81, 6, 1),
(727, 81, 7, 2),
(728, 81, 8, 1),
(730, 82, 1, 1),
(731, 82, 2, 39000000),
(732, 82, 3, 10),
(733, 82, 4, 1),
(734, 82, 5, 2),
(735, 82, 6, 1),
(736, 82, 7, 1),
(737, 82, 8, 3),
(739, 83, 1, 1),
(740, 83, 2, 325000000),
(741, 83, 3, 6),
(742, 83, 4, 1),
(743, 83, 5, 2),
(744, 83, 6, 1),
(745, 83, 7, 1),
(746, 83, 8, 2),
(748, 84, 1, 1),
(749, 84, 2, 17500000),
(750, 84, 3, 5),
(751, 84, 4, 2),
(752, 84, 5, 2),
(753, 84, 6, 1),
(754, 84, 7, 1),
(755, 84, 8, 4),
(757, 85, 1, 3),
(758, 85, 2, 500000),
(759, 85, 3, 0),
(760, 85, 4, 2),
(761, 85, 5, 2),
(762, 85, 6, 2),
(763, 85, 7, 1),
(764, 85, 8, 2),
(766, 86, 1, 3),
(767, 86, 2, 2500000),
(768, 86, 3, 1),
(769, 86, 4, 2),
(770, 86, 5, 2),
(771, 86, 6, 2),
(772, 86, 7, 2),
(773, 86, 8, 1),
(775, 87, 1, 3),
(776, 87, 2, 5000000),
(777, 87, 3, 2),
(778, 87, 4, 2),
(779, 87, 5, 2),
(780, 87, 6, 2),
(781, 87, 7, 2),
(782, 87, 8, 1),
(784, 88, 1, 3),
(785, 88, 2, 4000000),
(786, 88, 3, 2),
(787, 88, 4, 2),
(788, 88, 5, 2),
(789, 88, 6, 2),
(790, 88, 7, 1),
(791, 88, 8, 1),
(793, 89, 1, 4),
(794, 89, 2, 15000000),
(795, 89, 3, 1),
(796, 89, 4, 1),
(797, 89, 5, 1),
(798, 89, 6, 2),
(799, 89, 7, 2),
(800, 89, 8, 1),
(802, 90, 1, 1),
(803, 90, 2, 11000000),
(804, 90, 3, 4),
(805, 90, 4, 2),
(806, 90, 5, 2),
(807, 90, 6, 1),
(808, 90, 7, 1),
(809, 90, 8, 4),
(811, 91, 1, 1),
(812, 91, 2, 1000000),
(813, 91, 3, 0),
(814, 91, 4, 2),
(815, 91, 5, 2),
(816, 91, 6, 1),
(817, 91, 7, 1),
(818, 91, 8, 1),
(820, 92, 1, 1),
(821, 92, 2, 3000000),
(822, 92, 3, 1),
(823, 92, 4, 2),
(824, 92, 5, 2),
(825, 92, 6, 1),
(826, 92, 7, 4),
(827, 92, 8, 1),
(829, 93, 1, 1),
(830, 93, 2, 2500000),
(831, 93, 3, 2),
(832, 93, 4, 2),
(833, 93, 5, 2),
(834, 93, 6, 1),
(835, 93, 7, 3),
(836, 93, 8, 1),
(838, 94, 1, 1),
(839, 94, 2, 6000000),
(840, 94, 3, 1),
(841, 94, 4, 2),
(842, 94, 5, 2),
(843, 94, 6, 1),
(844, 94, 7, 1),
(845, 94, 8, 4),
(847, 95, 1, 2),
(848, 95, 2, 18000000),
(849, 95, 3, 1),
(850, 95, 4, 1),
(851, 95, 5, 2),
(852, 95, 6, 2),
(853, 95, 7, 4),
(854, 95, 8, 3),
(856, 96, 1, 2),
(857, 96, 2, 13500000),
(858, 96, 3, 1),
(859, 96, 4, 1),
(860, 96, 5, 2),
(861, 96, 6, 2),
(862, 96, 7, 1),
(863, 96, 8, 1),
(865, 97, 1, 2),
(866, 97, 2, 5000000),
(867, 97, 3, 1),
(868, 97, 4, 1),
(869, 97, 5, 2),
(870, 97, 6, 2),
(871, 97, 7, 2),
(872, 97, 8, 1),
(874, 98, 1, 3),
(875, 98, 2, 5000000),
(876, 98, 3, 1),
(877, 98, 4, 2),
(878, 98, 5, 2),
(879, 98, 6, 2),
(880, 98, 7, 1),
(881, 98, 8, 1),
(883, 99, 1, 4),
(884, 99, 2, 49000000),
(885, 99, 3, 0),
(886, 99, 4, 2),
(887, 99, 5, 1),
(888, 99, 6, 2),
(889, 99, 7, 2),
(890, 99, 8, 1),
(892, 100, 1, 4),
(893, 100, 2, 7000000),
(894, 100, 3, 1),
(895, 100, 4, 1),
(896, 100, 5, 1),
(897, 100, 6, 2),
(898, 100, 7, 3),
(899, 100, 8, 1),
(901, 101, 1, 4),
(902, 101, 2, 100000000),
(903, 101, 3, 1),
(904, 101, 4, 1),
(905, 101, 5, 1),
(906, 101, 6, 2),
(907, 101, 7, 4),
(908, 101, 8, 1),
(910, 102, 1, 1),
(911, 102, 2, 2600000),
(912, 102, 3, 0),
(913, 102, 4, 2),
(914, 102, 5, 2),
(915, 102, 6, 1),
(916, 102, 7, 3),
(917, 102, 8, 3),
(919, 103, 1, 1),
(920, 103, 2, 20000000),
(921, 103, 3, 1),
(922, 103, 4, 1),
(923, 103, 5, 2),
(924, 103, 6, 1),
(925, 103, 7, 2),
(926, 103, 8, 1),
(928, 104, 1, 1),
(929, 104, 2, 6000000),
(930, 104, 3, 1),
(931, 104, 4, 2),
(932, 104, 5, 2),
(933, 104, 6, 1),
(934, 104, 7, 1),
(935, 104, 8, 1),
(937, 105, 1, 2),
(938, 105, 2, 10000000),
(939, 105, 3, 1),
(940, 105, 4, 1),
(941, 105, 5, 2),
(942, 105, 6, 2),
(943, 105, 7, 1),
(944, 105, 8, 3),
(946, 106, 1, 2),
(947, 106, 2, 15000000),
(948, 106, 3, 1),
(949, 106, 4, 1),
(950, 106, 5, 2),
(951, 106, 6, 2),
(952, 106, 7, 3),
(953, 106, 8, 1),
(955, 107, 1, 2),
(956, 107, 2, 10000000),
(957, 107, 3, 1),
(958, 107, 4, 1),
(959, 107, 5, 2),
(960, 107, 6, 2),
(961, 107, 7, 4),
(962, 107, 8, 1),
(964, 108, 1, 3),
(965, 108, 2, 2000000),
(966, 108, 3, 1),
(967, 108, 4, 2),
(968, 108, 5, 2),
(969, 108, 6, 2),
(970, 108, 7, 3),
(971, 108, 8, 4),
(973, 109, 1, 4),
(974, 109, 2, 50000000),
(975, 109, 3, 1),
(976, 109, 4, 2),
(977, 109, 5, 1),
(978, 109, 6, 2),
(979, 109, 7, 2),
(980, 109, 8, 1),
(982, 110, 1, 1),
(983, 110, 2, 6000000),
(984, 110, 3, 2),
(985, 110, 4, 2),
(986, 110, 5, 2),
(987, 110, 6, 1),
(988, 110, 7, 4),
(989, 110, 8, 1),
(991, 111, 1, 1),
(992, 111, 2, 7000000),
(993, 111, 3, 3),
(994, 111, 4, 2),
(995, 111, 5, 2),
(996, 111, 6, 1),
(997, 111, 7, 1),
(998, 111, 8, 1),
(1000, 112, 1, 1),
(1001, 112, 2, 7500000),
(1002, 112, 3, 3),
(1003, 112, 4, 2),
(1004, 112, 5, 2),
(1005, 112, 6, 1),
(1006, 112, 7, 2),
(1007, 112, 8, 1),
(1009, 113, 1, 1),
(1010, 113, 2, 7500000),
(1011, 113, 3, 2),
(1012, 113, 4, 2),
(1013, 113, 5, 2),
(1014, 113, 6, 1),
(1015, 113, 7, 4),
(1016, 113, 8, 1),
(1018, 114, 1, 1),
(1019, 114, 2, 700000),
(1020, 114, 3, 1),
(1021, 114, 4, 2),
(1022, 114, 5, 2),
(1023, 114, 6, 1),
(1024, 114, 7, 4),
(1025, 114, 8, 2),
(1027, 115, 1, 2),
(1028, 115, 2, 19500000),
(1029, 115, 3, 1),
(1030, 115, 4, 1),
(1031, 115, 5, 2),
(1032, 115, 6, 2),
(1033, 115, 7, 4),
(1034, 115, 8, 1),
(1036, 116, 1, 3),
(1037, 116, 2, 3000000),
(1038, 116, 3, 1),
(1039, 116, 4, 2),
(1040, 116, 5, 2),
(1041, 116, 6, 2),
(1042, 116, 7, 2),
(1043, 116, 8, 3),
(1045, 117, 1, 1),
(1046, 117, 2, 6000000),
(1047, 117, 3, 5),
(1048, 117, 4, 2),
(1049, 117, 5, 2),
(1050, 117, 6, 1),
(1051, 117, 7, 4),
(1052, 117, 8, 1),
(1054, 118, 1, 1),
(1055, 118, 2, 2000000),
(1056, 118, 3, 1),
(1057, 118, 4, 2),
(1058, 118, 5, 2),
(1059, 118, 6, 1),
(1060, 118, 7, 4),
(1061, 118, 8, 3),
(1063, 119, 1, 1),
(1064, 119, 2, 3500000),
(1065, 119, 3, 1),
(1066, 119, 4, 2),
(1067, 119, 5, 2),
(1068, 119, 6, 1),
(1069, 119, 7, 4),
(1070, 119, 8, 3),
(1072, 120, 1, 1),
(1073, 120, 2, 3500000),
(1074, 120, 3, 3),
(1075, 120, 4, 2),
(1076, 120, 5, 2),
(1077, 120, 6, 1),
(1078, 120, 7, 3),
(1079, 120, 8, 1),
(1081, 121, 1, 1),
(1082, 121, 2, 7000000),
(1083, 121, 3, 0),
(1084, 121, 4, 2),
(1085, 121, 5, 2),
(1086, 121, 6, 1),
(1087, 121, 7, 4),
(1088, 121, 8, 1),
(1090, 122, 1, 1),
(1091, 122, 2, 10000000),
(1092, 122, 3, 3),
(1093, 122, 4, 2),
(1094, 122, 5, 2),
(1095, 122, 6, 1),
(1096, 122, 7, 1),
(1097, 122, 8, 1),
(1099, 123, 1, 2),
(1100, 123, 2, 16000000),
(1101, 123, 3, 1),
(1102, 123, 4, 1),
(1103, 123, 5, 2),
(1104, 123, 6, 2),
(1105, 123, 7, 3),
(1106, 123, 8, 1),
(1108, 124, 1, 3),
(1109, 124, 2, 2000000),
(1110, 124, 3, 1),
(1111, 124, 4, 2),
(1112, 124, 5, 2),
(1113, 124, 6, 2),
(1114, 124, 7, 1),
(1115, 124, 8, 3),
(1117, 125, 1, 3),
(1118, 125, 2, 15000000),
(1119, 125, 3, 3),
(1120, 125, 4, 2),
(1121, 125, 5, 1),
(1122, 125, 6, 2),
(1123, 125, 7, 2),
(1124, 125, 8, 4),
(1126, 126, 1, 3),
(1127, 126, 2, 10000000),
(1128, 126, 3, 6),
(1129, 126, 4, 1),
(1130, 126, 5, 2),
(1131, 126, 6, 2),
(1132, 126, 7, 2),
(1133, 126, 8, 1),
(1135, 127, 1, 3),
(1136, 127, 2, 3500000),
(1137, 127, 3, 3),
(1138, 127, 4, 2),
(1139, 127, 5, 2),
(1140, 127, 6, 2),
(1141, 127, 7, 1),
(1142, 127, 8, 4),
(1144, 128, 1, 4),
(1145, 128, 2, 3800000),
(1146, 128, 3, 1),
(1147, 128, 4, 2),
(1148, 128, 5, 1),
(1149, 128, 6, 2),
(1150, 128, 7, 1),
(1151, 128, 8, 1);

/*!40101 SET CHARACTER_SET_CLIENT=@OLD_CHARACTER_SET_CLIENT */;
/*!40101 SET CHARACTER_SET_RESULTS=@OLD_CHARACTER_SET_RESULTS */;
/*!40101 SET COLLATION_CONNECTION=@OLD_COLLATION_CONNECTION */;
